{
  "project_info": {
    "project_number": "240208413498",
    "firebase_url": "https://legendary-conquerors-6d1d4-default-rtdb.firebaseio.com",
    "project_id": "legendary-conquerors-6d1d4",
    "storage_bucket": "legendary-conquerors-6d1d4.appspot.com"
  },
  "client": [
    {
      "client_info": {
        "mobilesdk_app_id": "1:240208413498:android:bd5d626336a55156170603",
        "android_client_info": {
          "package_name": "com.example.lc"
        }
      },
      "oauth_client": [
        {
          "client_id": "240208413498-k8120uilj6gtjjavar51ceksrekhj18o.apps.googleusercontent.com",
          "client_type": 3
        }
      ],
      "api_key": [
        {
          "current_key": "AIzaSyDLWwrhpXUkCFRm-nNtG_fHNGnq6ZyKErM"
        }
      ],
      "services": {
        "appinvite_service": {
          "other_platform_oauth_client": [
            {
              "client_id": "240208413498-k8120uilj6gtjjavar51ceksrekhj18o.apps.googleusercontent.com",
              "client_type": 3
            }
          ]
        }
      }
    },
    {
      "client_info": {
        "mobilesdk_app_id": "1:240208413498:android:a77b01a970a0d377170603",
        "android_client_info": {
          "package_name": "com.example.legendaryconquerors"
        }
      },
      "oauth_client": [
        {
          "client_id": "240208413498-k8120uilj6gtjjavar51ceksrekhj18o.apps.googleusercontent.com",
          "client_type": 3
        }
      ],
      "api_key": [
        {
          "current_key": "AIzaSyDLWwrhpXUkCFRm-nNtG_fHNGnq6ZyKErM"
        }
      ],
      "services": {
        "appinvite_service": {
          "other_platform_oauth_client": [
            {
              "client_id": "240208413498-k8120uilj6gtjjavar51ceksrekhj18o.apps.googleusercontent.com",
              "client_type": 3
            }
          ]
        }
      }
    }
  ],
  "configuration_version": "1"
}